RunID,Entity,Tenant,Period,Basis,Currency,ExceptionKey,AccountID,TransactionID,Date,Reference,Description,Amount
61e785b323acf6f40de7292360cf644fd20cbf9de1c82811ea322426765a3ea7,ENT001,Varrock Ventures Pty Ltd,2024-09-30,"Accrual, single entity gross ledger",AUD,61e785b323acf6f40de7292360cf644fd20cbf9de1c82811ea322426765a3ea7:0,fixture-account-10,JNL1042:3,2024-09-28,JNL1042,Monthly Payroll - M3,-77250.00
61e785b323acf6f40de7292360cf644fd20cbf9de1c82811ea322426765a3ea7,ENT001,Varrock Ventures Pty Ltd,2024-09-30,"Accrual, single entity gross ledger",AUD,61e785b323acf6f40de7292360cf644fd20cbf9de1c82811ea322426765a3ea7:0,fixture-account-10,JNL1043:3,2024-09-28,JNL1043,Operating Costs & Rent - M3,-15500.00
61e785b323acf6f40de7292360cf644fd20cbf9de1c82811ea322426765a3ea7,ENT001,Varrock Ventures Pty Ltd,2024-09-30,"Accrual, single entity gross ledger",AUD,61e785b323acf6f40de7292360cf644fd20cbf9de1c82811ea322426765a3ea7:1,fixture-account-140,JNL1042:4,2024-09-28,JNL1042,Monthly Payroll - M3,-9270.00
61e785b323acf6f40de7292360cf644fd20cbf9de1c82811ea322426765a3ea7,ENT001,Varrock Ventures Pty Ltd,2024-09-30,"Accrual, single entity gross ledger",AUD,61e785b323acf6f40de7292360cf644fd20cbf9de1c82811ea322426765a3ea7:2,fixture-account-20,JNL1041:1,2024-09-15,JNL1041,Advisory Billings - M3,164800.00
61e785b323acf6f40de7292360cf644fd20cbf9de1c82811ea322426765a3ea7,ENT001,Varrock Ventures Pty Ltd,2024-09-30,"Accrual, single entity gross ledger",AUD,61e785b323acf6f40de7292360cf644fd20cbf9de1c82811ea322426765a3ea7:3,fixture-account-320,JNL1041:2,2024-09-15,JNL1041,Advisory Billings - M3,-164800.00
61e785b323acf6f40de7292360cf644fd20cbf9de1c82811ea322426765a3ea7,ENT001,Varrock Ventures Pty Ltd,2024-09-30,"Accrual, single entity gross ledger",AUD,61e785b323acf6f40de7292360cf644fd20cbf9de1c82811ea322426765a3ea7:4,fixture-account-340,JNL1054:2,2024-09-28,JNL1054,Intercompany Management Fees Charged,-10000.00
61e785b323acf6f40de7292360cf644fd20cbf9de1c82811ea322426765a3ea7,ENT001,Varrock Ventures Pty Ltd,2024-09-30,"Accrual, single entity gross ledger",AUD,61e785b323acf6f40de7292360cf644fd20cbf9de1c82811ea322426765a3ea7:4,fixture-account-340,ICM3-2024-09:2,2024-09-28,ICM3-2024-09,Intercompany Management Fees Charged,-6000.00
61e785b323acf6f40de7292360cf644fd20cbf9de1c82811ea322426765a3ea7,ENT001,Varrock Ventures Pty Ltd,2024-09-30,"Accrual, single entity gross ledger",AUD,61e785b323acf6f40de7292360cf644fd20cbf9de1c82811ea322426765a3ea7:5,fixture-account-40,JNL1054:1,2024-09-28,JNL1054,Intercompany Management Fees Charged,10000.00
61e785b323acf6f40de7292360cf644fd20cbf9de1c82811ea322426765a3ea7,ENT001,Varrock Ventures Pty Ltd,2024-09-30,"Accrual, single entity gross ledger",AUD,61e785b323acf6f40de7292360cf644fd20cbf9de1c82811ea322426765a3ea7:5,fixture-account-40,ICM3-2024-09:1,2024-09-28,ICM3-2024-09,Intercompany Management Fees Charged,6000.00
61e785b323acf6f40de7292360cf644fd20cbf9de1c82811ea322426765a3ea7,ENT001,Varrock Ventures Pty Ltd,2024-09-30,"Accrual, single entity gross ledger",AUD,61e785b323acf6f40de7292360cf644fd20cbf9de1c82811ea322426765a3ea7:6,fixture-account-510,JNL1042:1,2024-09-28,JNL1042,Monthly Payroll - M3,77250.00
61e785b323acf6f40de7292360cf644fd20cbf9de1c82811ea322426765a3ea7,ENT001,Varrock Ventures Pty Ltd,2024-09-30,"Accrual, single entity gross ledger",AUD,61e785b323acf6f40de7292360cf644fd20cbf9de1c82811ea322426765a3ea7:7,fixture-account-520,JNL1042:2,2024-09-28,JNL1042,Monthly Payroll - M3,9270.00
61e785b323acf6f40de7292360cf644fd20cbf9de1c82811ea322426765a3ea7,ENT001,Varrock Ventures Pty Ltd,2024-09-30,"Accrual, single entity gross ledger",AUD,61e785b323acf6f40de7292360cf644fd20cbf9de1c82811ea322426765a3ea7:8,fixture-account-540,JNL1043:1,2024-09-28,JNL1043,Operating Costs & Rent - M3,12000.00
61e785b323acf6f40de7292360cf644fd20cbf9de1c82811ea322426765a3ea7,ENT001,Varrock Ventures Pty Ltd,2024-09-30,"Accrual, single entity gross ledger",AUD,61e785b323acf6f40de7292360cf644fd20cbf9de1c82811ea322426765a3ea7:9,fixture-account-550,JNL1043:2,2024-09-28,JNL1043,Operating Costs & Rent - M3,3500.00
