RunID,Entity,Tenant,Period,Basis,Currency,ExceptionKey,Control,Status,AccountID,Account,Current,Prior,Difference,Threshold,Reason,Action,Question,EvidenceRequested,EvidenceState
61e785b323acf6f40de7292360cf644fd20cbf9de1c82811ea322426765a3ea7,ENT001,Varrock Ventures Pty Ltd,2024-09-30,"Accrual, single entity gross ledger",AUD,61e785b323acf6f40de7292360cf644fd20cbf9de1c82811ea322426765a3ea7:0,period_variance,REVIEW,fixture-account-10,Cash at Bank - Operating,75125.00,167875.00,-92750.00,1000.00,YTD net balance moved beyond both configured materiality thresholds.,"Investigate the driver, retain supporting evidence, and document the reviewer conclusion.",What drove the year-to-date movement in this account against the prior period?,"The transactions or documents behind the movement, and confirmation that no part of it belongs to another period.",Journal rows reconciled
61e785b323acf6f40de7292360cf644fd20cbf9de1c82811ea322426765a3ea7,ENT001,Varrock Ventures Pty Ltd,2024-09-30,"Accrual, single entity gross ledger",AUD,61e785b323acf6f40de7292360cf644fd20cbf9de1c82811ea322426765a3ea7:1,period_variance,REVIEW,fixture-account-140,Superannuation Guarantee Payable,-27405.00,-18135.00,-9270.00,1000.00,YTD net balance moved beyond both configured materiality thresholds.,"Investigate the driver, retain supporting evidence, and document the reviewer conclusion.",What drove the year-to-date movement in this account against the prior period?,"The transactions or documents behind the movement, and confirmation that no part of it belongs to another period.",Journal rows reconciled
61e785b323acf6f40de7292360cf644fd20cbf9de1c82811ea322426765a3ea7,ENT001,Varrock Ventures Pty Ltd,2024-09-30,"Accrual, single entity gross ledger",AUD,61e785b323acf6f40de7292360cf644fd20cbf9de1c82811ea322426765a3ea7:2,period_variance,REVIEW,fixture-account-20,Trade Receivables,607200.00,442400.00,164800.00,1000.00,YTD net balance moved beyond both configured materiality thresholds.,"Investigate the driver, retain supporting evidence, and document the reviewer conclusion.",What drove the year-to-date movement in this account against the prior period?,"The transactions or documents behind the movement, and confirmation that no part of it belongs to another period.",Journal rows reconciled
61e785b323acf6f40de7292360cf644fd20cbf9de1c82811ea322426765a3ea7,ENT001,Varrock Ventures Pty Ltd,2024-09-30,"Accrual, single entity gross ledger",AUD,61e785b323acf6f40de7292360cf644fd20cbf9de1c82811ea322426765a3ea7:3,period_variance,REVIEW,fixture-account-320,Professional Advisory Fees,-487200.00,-322400.00,-164800.00,1000.00,YTD net balance moved beyond both configured materiality thresholds.,"Investigate the driver, retain supporting evidence, and document the reviewer conclusion.",What drove the year-to-date movement in this account against the prior period?,"The transactions or documents behind the movement, and confirmation that no part of it belongs to another period.",Journal rows reconciled
61e785b323acf6f40de7292360cf644fd20cbf9de1c82811ea322426765a3ea7,ENT001,Varrock Ventures Pty Ltd,2024-09-30,"Accrual, single entity gross ledger",AUD,61e785b323acf6f40de7292360cf644fd20cbf9de1c82811ea322426765a3ea7:4,period_variance,REVIEW,fixture-account-340,Intercompany Management Fees Revenue,-48000.00,-32000.00,-16000.00,1000.00,YTD net balance moved beyond both configured materiality thresholds.,"Investigate the driver, retain supporting evidence, and document the reviewer conclusion.",What drove the year-to-date movement in this account against the prior period?,"The transactions or documents behind the movement, and confirmation that no part of it belongs to another period.",Journal rows reconciled
61e785b323acf6f40de7292360cf644fd20cbf9de1c82811ea322426765a3ea7,ENT001,Varrock Ventures Pty Ltd,2024-09-30,"Accrual, single entity gross ledger",AUD,61e785b323acf6f40de7292360cf644fd20cbf9de1c82811ea322426765a3ea7:5,period_variance,REVIEW,fixture-account-40,Intercompany Loan Receivable,48000.00,32000.00,16000.00,1000.00,YTD net balance moved beyond both configured materiality thresholds.,"Investigate the driver, retain supporting evidence, and document the reviewer conclusion.",What drove the year-to-date movement in this account against the prior period?,"The transactions or documents behind the movement, and confirmation that no part of it belongs to another period.",Journal rows reconciled
61e785b323acf6f40de7292360cf644fd20cbf9de1c82811ea322426765a3ea7,ENT001,Varrock Ventures Pty Ltd,2024-09-30,"Accrual, single entity gross ledger",AUD,61e785b323acf6f40de7292360cf644fd20cbf9de1c82811ea322426765a3ea7:6,period_variance,REVIEW,fixture-account-510,Salaries & Wages,228375.00,151125.00,77250.00,1000.00,YTD net balance moved beyond both configured materiality thresholds.,"Investigate the driver, retain supporting evidence, and document the reviewer conclusion.",What drove the year-to-date movement in this account against the prior period?,"The transactions or documents behind the movement, and confirmation that no part of it belongs to another period.",Journal rows reconciled
61e785b323acf6f40de7292360cf644fd20cbf9de1c82811ea322426765a3ea7,ENT001,Varrock Ventures Pty Ltd,2024-09-30,"Accrual, single entity gross ledger",AUD,61e785b323acf6f40de7292360cf644fd20cbf9de1c82811ea322426765a3ea7:7,period_variance,REVIEW,fixture-account-520,Superannuation Guarantee Expense,27405.00,18135.00,9270.00,1000.00,YTD net balance moved beyond both configured materiality thresholds.,"Investigate the driver, retain supporting evidence, and document the reviewer conclusion.",What drove the year-to-date movement in this account against the prior period?,"The transactions or documents behind the movement, and confirmation that no part of it belongs to another period.",Journal rows reconciled
61e785b323acf6f40de7292360cf644fd20cbf9de1c82811ea322426765a3ea7,ENT001,Varrock Ventures Pty Ltd,2024-09-30,"Accrual, single entity gross ledger",AUD,61e785b323acf6f40de7292360cf644fd20cbf9de1c82811ea322426765a3ea7:8,period_variance,REVIEW,fixture-account-540,Rent & Property Occupancy,36000.00,24000.00,12000.00,1000.00,YTD net balance moved beyond both configured materiality thresholds.,"Investigate the driver, retain supporting evidence, and document the reviewer conclusion.",What drove the year-to-date movement in this account against the prior period?,"The transactions or documents behind the movement, and confirmation that no part of it belongs to another period.",Journal rows reconciled
61e785b323acf6f40de7292360cf644fd20cbf9de1c82811ea322426765a3ea7,ENT001,Varrock Ventures Pty Ltd,2024-09-30,"Accrual, single entity gross ledger",AUD,61e785b323acf6f40de7292360cf644fd20cbf9de1c82811ea322426765a3ea7:9,period_variance,REVIEW,fixture-account-550,Insurance & Compliance,10500.00,7000.00,3500.00,1000.00,YTD net balance moved beyond both configured materiality thresholds.,"Investigate the driver, retain supporting evidence, and document the reviewer conclusion.",What drove the year-to-date movement in this account against the prior period?,"The transactions or documents behind the movement, and confirmation that no part of it belongs to another period.",Journal rows reconciled
